Column1,Column2,Column3
13.0,0.6149270458154269,
,0.9166875083842575,Value
35.0,,
65.0,0.9261219701329632,Value
,0.4024318263697635,Value
